shipment_id,origin,destination,route_type,congestion_index,weather_index,scheduled_departure,actual_departure,delay_departure_days,scheduled_port_arrival,actual_port_arrival,delay_port_days,scheduled_customs_clearance,actual_customs_clearance,delay_customs_days,scheduled_final_delivery,actual_final_delivery,delay_final_days,is_delayed
1,Mumbai,London,air,0.152,0.121,2025-06-01,2025-06-01 12:37:42.118151,0.53,2025-06-01 12:00:00,2025-06-01 19:13:17.461289,0.3,2025-06-01 20:24:00,2025-06-02 13:01:54.016582,0.69,2025-06-02,2025-06-02 19:29:55.710400,0.81,0
2,Singapore,Dubai,sea,0.203,0.303,2025-01-14,2025-01-14 19:49:40.723946,0.83,2025-01-19 00:00:00,2025-01-19 21:15:15.921124,0.89,2025-01-22 12:00:00,2025-01-23 01:07:15.403175,0.55,2025-01-24,2025-01-24 19:08:23.244076,0.8,0
3,Mumbai,London,air,0.394,0.377,2025-09-17,2025-09-17 02:27:09.587499,0.1,2025-09-17 12:00:00,2025-09-19 13:44:47.031005,2.07,2025-09-17 20:24:00,2025-09-19 11:08:46.773230,1.61,2025-09-18,2025-09-20 06:15:28.191934,2.26,1
4,Mumbai,London,air,0.265,0.634,2025-03-06,2025-03-06 00:11:20.829617,0.01,2025-03-06 12:00:00,2025-03-06 23:26:13.336189,0.48,2025-03-06 20:24:00,2025-03-07 13:24:15.098489,0.71,2025-03-07,2025-03-08 00:30:19.192512,1.02,1
5,Singapore,Dubai,sea,0.326,0.139,2025-02-02,2025-02-02 00:47:16.860443,0.03,2025-02-07 00:00:00,2025-02-07 22:20:01.396092,0.93,2025-02-10 12:00:00,2025-02-11 02:22:38.169061,0.6,2025-02-12,2025-02-13 00:46:22.803640,1.03,1
6,Shanghai,Los Angeles,sea,0.584,0.401,2025-06-28,2025-06-28 00:22:59.535032,0.02,2025-07-05 00:00:00,2025-07-06 19:46:25.115256,1.82,2025-07-09 21:36:00,2025-07-10 23:32:48.264288,1.08,2025-07-12,2025-07-13 13:08:11.812900,1.55,1
7,Hamburg,New York,sea,0.334,0.23,2025-02-14,2025-02-14 04:12:19.730543,0.18,2025-02-18 12:00:00,2025-02-19 08:39:28.506820,0.86,2025-02-21 15:36:00,2025-02-22 08:28:40.986003,0.7,2025-02-23,2025-02-23 18:26:37.961098,0.77,0
8,Busan,Long Beach,sea,0.063,0.261,2025-06-14,2025-06-14 14:08:55.918619,0.59,2025-06-20 00:00:00,2025-06-20 11:26:19.788394,0.48,2025-06-24 04:48:00,2025-06-24 15:11:55.729610,0.43,2025-06-26,2025-06-26 10:27:13.086898,0.44,0
9,Bangkok,Frankfurt,air,0.079,0.392,2025-03-22,2025-03-22 03:43:25.429542,0.16,2025-03-22 12:00:00,2025-03-24 11:36:29.910472,1.98,2025-03-22 20:24:00,2025-03-24 01:14:04.430653,1.2,2025-03-23,2025-03-24 14:09:07.091970,1.59,1
10,Shanghai,Rotterdam,sea,0.117,0.063,2025-04-08,2025-04-08 12:02:45.794132,0.5,2025-04-23 00:00:00,2025-04-23 19:09:45.726258,0.8,2025-05-03 12:00:00,2025-05-03 21:19:59.304436,0.39,2025-05-08,2025-05-08 09:33:32.074659,0.4,0
11,Hong Kong,Sydney,sea,0.339,0.3,2025-05-08,2025-05-08 08:45:05.562475,0.36,2025-05-12 00:00:00,2025-05-13 18:46:09.740670,1.78,2025-05-14 19:12:00,2025-05-16 02:42:49.490806,1.31,2025-05-16,2025-05-17 10:54:43.885513,1.45,1
12,Busan,Long Beach,sea,0.27,0.331,2025-02-06,2025-02-07 01:42:35.049026,1.07,2025-02-12 00:00:00,2025-02-13 00:48:23.792972,1.03,2025-02-16 04:48:00,2025-02-16 21:50:16.415798,0.71,2025-02-18,2025-02-18 23:05:16.613988,0.96,0
13,Singapore,Dubai,sea,0.152,0.215,2025-06-02,2025-06-02 00:03:39.215681,0.0,2025-06-07 00:00:00,2025-06-07 10:21:06.108704,0.43,2025-06-10 12:00:00,2025-06-11 02:21:23.098752,0.6,2025-06-12,2025-06-12 23:59:17.326470,1.0,0
14,Shanghai,Los Angeles,sea,0.632,0.308,2025-01-22,2025-01-22 03:21:23.048798,0.14,2025-01-29 00:00:00,2025-02-01 06:30:05.195527,3.27,2025-02-02 21:36:00,2025-02-04 13:29:18.206129,1.66,2025-02-05,2025-02-07 15:52:47.289536,2.66,1
15,Shanghai,Rotterdam,sea,0.631,0.382,2025-01-17,2025-01-19 14:32:48.482836,2.61,2025-02-01 00:00:00,2025-02-03 12:26:48.151696,2.52,2025-02-11 12:00:00,2025-02-12 19:54:26.182083,1.33,2025-02-16,2025-02-18 04:36:26.290881,2.19,1
16,Shanghai,Los Angeles,sea,0.307,0.286,2025-01-18,2025-01-18 09:45:53.438057,0.41,2025-01-25 00:00:00,2025-01-27 04:32:25.426453,2.19,2025-01-29 21:36:00,2025-01-31 09:28:27.608584,1.49,2025-02-01,2025-02-02 17:30:05.570847,1.73,1
17,Bangkok,Frankfurt,air,0.493,0.168,2025-09-03,2025-09-03 05:20:45.269188,0.22,2025-09-03 12:00:00,2025-09-04 02:39:09.878089,0.61,2025-09-03 20:24:00,2025-09-04 20:10:56.284725,0.99,2025-09-04,2025-09-05 05:26:22.108449,1.23,1
18,Busan,Long Beach,sea,0.442,0.291,2025-02-20,2025-02-20 07:31:09.420161,0.31,2025-02-26 00:00:00,2025-02-27 11:31:35.352377,1.48,2025-03-02 04:48:00,2025-03-03 01:44:28.999693,0.87,2025-03-04,2025-03-05 01:51:03.135296,1.08,1
19,Hong Kong,Sydney,sea,0.565,0.415,2025-05-24,2025-05-25 20:40:57.662776,1.86,2025-05-28 00:00:00,2025-05-30 04:37:32.133901,2.19,2025-05-30 19:12:00,2025-06-01 00:58:24.024338,1.24,2025-06-01,2025-06-02 16:00:06.712229,1.67,1
20,Mumbai,London,air,0.238,0.256,2025-03-30,2025-03-30 12:57:09.663107,0.54,2025-03-30 12:00:00,2025-03-31 00:07:06.239166,0.5,2025-03-30 20:24:00,2025-04-01 10:03:37.789669,1.57,2025-03-31,2025-04-01 14:54:32.098471,1.62,1
21,Hamburg,New York,sea,0.046,0.108,2025-02-08,2025-02-08 05:06:04.897091,0.21,2025-02-12 12:00:00,2025-02-12 23:29:47.011929,0.48,2025-02-15 15:36:00,,,2025-02-17,2025-02-17 16:26:22.939621,0.68,0
22,Singapore,Dubai,sea,0.304,0.376,2025-06-01,2025-06-01 13:34:02.968700,0.57,2025-06-06 00:00:00,2025-06-07 06:41:05.551284,1.28,2025-06-09 12:00:00,2025-06-10 06:06:43.252962,0.75,2025-06-11,2025-06-12 02:02:39.100145,1.09,1
23,Hamburg,New York,sea,0.388,0.156,2025-08-30,2025-08-30 13:47:11.394495,0.57,2025-09-03 12:00:00,2025-09-04 13:57:08.056644,1.08,2025-09-06 15:36:00,2025-09-07 07:32:11.938795,0.66,2025-09-08,2025-09-08 18:15:44.355074,0.76,0
24,Hamburg,New York,sea,0.346,0.121,2025-02-05,2025-02-05 05:34:58.536997,0.23,2025-02-09 12:00:00,2025-02-11 02:20:57.820352,1.6,2025-02-12 15:36:00,2025-02-13 12:23:31.365524,0.87,2025-02-14,2025-02-15 17:10:26.184773,1.72,1
25,Hamburg,New York,sea,0.519,0.591,2025-07-06,2025-07-06 01:15:50.848866,0.05,2025-07-10 12:00:00,2025-07-11 17:03:06.294381,1.21,2025-07-13 15:36:00,2025-07-15 16:52:12.408566,2.05,2025-07-15,2025-07-17 04:14:44.100219,2.18,1
26,Ho Chi Minh City,Tokyo,sea,0.514,0.406,2025-02-26,2025-02-26 01:26:42.758486,0.06,2025-03-01 00:00:00,2025-03-03 12:14:24.668287,2.51,2025-03-03 02:24:00,2025-03-05 18:30:06.784328,2.67,2025-03-04,2025-03-07 09:59:39.890862,3.42,1
27,Busan,Long Beach,sea,0.429,0.338,2025-01-07,2025-01-07 06:39:48.323213,0.28,2025-01-13 00:00:00,2025-01-14 04:10:16.212639,1.17,2025-01-17 04:48:00,2025-01-18 00:58:20.727199,0.84,2025-01-19,2025-01-19 15:05:06.332296,0.63,0
28,Shanghai,Los Angeles,sea,0.25,0.214,2025-06-16,2025-06-16 06:37:27.831013,0.28,2025-06-23 00:00:00,2025-06-24 19:53:20.350797,1.83,2025-06-27 21:36:00,2025-06-28 18:51:05.794453,0.89,2025-06-30,2025-07-01 20:05:22.014877,1.84,1
29,Shanghai,Rotterdam,sea,0.17,0.336,2025-07-10,2025-07-10 07:47:40.199459,0.32,2025-07-25 00:00:00,2025-07-25 12:32:01.680997,0.52,2025-08-04 12:00:00,2025-08-05 04:15:51.021661,0.68,2025-08-09,2025-08-10 05:20:01.904942,1.22,1
30,Hamburg,New York,sea,0.164,0.132,2025-02-23,2025-02-23 10:32:02.077230,0.44,2025-02-27 12:00:00,2025-03-01 03:47:56.225356,1.66,2025-03-02 15:36:00,2025-03-03 09:33:19.452921,0.75,2025-03-04,2025-03-04 20:00:19.387180,0.83,0
31,Bangkok,Frankfurt,air,0.156,0.05,2025-02-10,2025-02-10 03:36:44.813182,0.15,2025-02-10 12:00:00,2025-02-10 23:08:17.156139,0.46,2025-02-10 20:24:00,2025-02-11 01:46:04.243133,0.22,2025-02-11,2025-02-11 03:18:37.404017,0.14,0
32,Singapore,Dubai,sea,0.125,0.373,2025-06-26,2025-06-26 05:40:24.521912,0.24,2025-07-01 00:00:00,2025-07-02 01:04:04.339700,1.04,2025-07-04 12:00:00,2025-07-05 07:17:30.784476,0.8,2025-07-06,2025-07-06 21:29:41.071705,0.9,0
33,Shanghai,Los Angeles,sea,0.162,0.225,2025-03-24,2025-03-24 03:24:35.385606,0.14,2025-03-31 00:00:00,2025-03-31 16:57:07.951177,0.71,2025-04-04 21:36:00,2025-04-05 08:24:10.942562,0.45,2025-04-07,2025-04-07 15:24:02.134132,0.64,0
34,Shanghai,Los Angeles,sea,0.342,0.125,2025-08-10,2025-08-10 18:49:55.566225,0.78,2025-08-17 00:00:00,2025-08-18 10:48:41.969996,1.45,2025-08-21 21:36:00,2025-08-22 19:18:24.071325,0.9,2025-08-24,2025-08-25 02:27:11.088643,1.1,1
35,Hamburg,New York,sea,0.393,0.028,2025-09-06,2025-09-06 08:39:29.881213,0.36,2025-09-10 12:00:00,2025-09-12 06:11:22.005003,1.76,2025-09-13 15:36:00,2025-09-14 13:39:31.048839,0.92,2025-09-15,2025-09-16 14:25:46.145966,1.6,1
36,Ho Chi Minh City,Tokyo,sea,0.271,0.48,2025-02-12,2025-02-12 03:17:43.949805,0.14,2025-02-15 00:00:00,2025-02-15 16:33:58.508018,0.69,2025-02-17 02:24:00,2025-02-17 16:06:25.742648,0.57,2025-02-18,2025-02-19 02:01:57.161404,1.08,1
37,Hong Kong,Sydney,sea,0.111,0.167,2025-02-20,2025-02-20 00:30:02.615589,0.02,2025-02-24 00:00:00,2025-02-24 08:22:00.060602,0.35,2025-02-26 19:12:00,2025-02-27 03:40:48.355015,0.35,2025-02-28,2025-02-28 09:25:58.401765,0.39,0
38,Shanghai,Rotterdam,sea,0.208,0.088,2025-02-17,2025-02-17 00:45:22.586151,0.03,2025-03-04 00:00:00,2025-03-04 15:20:30.203347,0.64,2025-03-14 12:00:00,2025-03-15 10:56:27.838915,0.96,2025-03-19,2025-03-20 16:17:38.244510,1.68,1
39,Ho Chi Minh City,Tokyo,sea,0.298,0.342,2025-01-07,2025-01-07 13:56:41.899180,0.58,2025-01-10 00:00:00,2025-01-11 18:36:34.511686,1.78,2025-01-12 02:24:00,2025-01-13 12:50:41.575521,1.44,2025-01-13,2025-01-14 11:56:20.269972,1.5,1
40,Mumbai,London,air,0.084,0.055,2025-04-19,2025-04-19 07:50:14.919635,0.33,2025-04-19 12:00:00,2025-04-20 02:23:23.231264,0.6,2025-04-19 20:24:00,2025-04-20 15:37:55.559974,0.8,2025-04-20,2025-04-21 05:14:29.800691,1.22,1
41,Bangkok,Frankfurt,air,0.133,0.518,2025-07-17,2025-07-17 05:27:22.709899,0.23,2025-07-17 12:00:00,2025-07-18 00:03:29.570138,0.5,2025-07-17 20:24:00,2025-07-19 01:42:28.867017,1.22,2025-07-18,2025-07-19 12:19:07.214650,1.51,1
42,Bangkok,Frankfurt,air,0.328,0.275,2025-07-13,2025-07-13 09:45:49.698226,0.41,2025-07-13 12:00:00,2025-07-14 07:00:28.759788,0.79,2025-07-13 20:24:00,2025-07-14 10:27:21.966369,0.59,2025-07-14,2025-07-14 14:59:58.206716,0.62,0
43,Hong Kong,Sydney,sea,0.458,0.19,2025-09-16,2025-09-16 00:38:18.872943,0.03,2025-09-20 00:00:00,2025-09-21 05:51:43.694054,1.24,2025-09-22 19:12:00,2025-09-23 10:48:28.354289,0.65,2025-09-24,2025-09-25 04:53:22.090009,1.2,1
44,Hamburg,New York,sea,0.185,0.13,2025-05-17,2025-05-17 02:45:10.747057,0.11,2025-05-21 12:00:00,2025-05-22 04:33:34.245583,0.69,2025-05-24 15:36:00,2025-05-26 00:50:20.901880,1.38,2025-05-26,2025-05-27 23:39:45.076674,1.99,1
45,Bangkok,Frankfurt,air,0.279,0.197,2025-03-30,2025-03-31 01:09:59.155227,1.05,2025-03-30 12:00:00,2025-03-31 06:33:02.239767,0.77,2025-03-30 20:24:00,2025-03-31 22:28:06.064582,1.09,2025-03-31,2025-03-31 17:37:14.240107,0.73,0
46,Hong Kong,Sydney,sea,0.061,0.078,2025-02-08,2025-02-08 01:29:30.391405,0.06,2025-02-12 00:00:00,2025-02-13 13:26:57.594520,1.56,2025-02-14 19:12:00,2025-02-15 20:36:22.270716,1.06,2025-02-16,2025-02-17 09:26:26.336982,1.39,1
47,Ho Chi Minh City,Tokyo,sea,0.234,0.143,2025-10-16,2025-10-16 00:24:33.445722,0.02,2025-10-19 00:00:00,2025-10-19 22:52:20.255703,0.95,2025-10-21 02:24:00,2025-10-22 03:03:41.777492,1.03,2025-10-22,2025-10-23 02:46:29.280265,1.12,1
48,Ho Chi Minh City,Tokyo,sea,0.384,0.433,2025-04-25,2025-04-25 14:12:28.873833,0.59,2025-04-28 00:00:00,2025-04-29 10:22:55.188458,1.43,2025-04-30 02:24:00,2025-05-01 00:08:07.366587,0.91,2025-05-01,2025-05-02 02:37:21.870458,1.11,1
49,Busan,Long Beach,sea,0.144,0.316,2025-04-21,2025-04-21 15:32:22.966989,0.65,2025-04-27 00:00:00,2025-04-27 23:12:35.611184,0.97,2025-05-01 04:48:00,,,2025-05-03,2025-05-03 15:57:56.919318,0.67,0
50,Singapore,Dubai,sea,0.583,0.207,2025-05-29,2025-05-29 05:43:22.796523,0.24,2025-06-03 00:00:00,2025-06-05 01:35:03.029184,2.07,2025-06-06 12:00:00,2025-06-07 12:31:15.801216,1.02,2025-06-08,2025-06-09 18:53:18.130864,1.79,1
51,Busan,Long Beach,sea,0.258,0.137,2025-09-08,2025-09-08 01:49:18.620627,0.08,2025-09-14 00:00:00,2025-09-14 16:50:02.920833,0.7,2025-09-18 04:48:00,2025-09-18 19:48:11.041323,0.63,2025-09-20,2025-09-21 00:20:38.549286,1.01,1
52,Hong Kong,Sydney,sea,0.233,0.043,2025-02-18,2025-02-18 04:16:23.426757,0.18,2025-02-22 00:00:00,2025-02-22 18:19:46.016305,0.76,2025-02-24 19:12:00,2025-02-25 07:54:24.958863,0.53,2025-02-26,2025-02-26 18:04:01.301355,0.75,0
53,Bangkok,Frankfurt,air,0.233,0.692,2025-06-24,2025-06-24 09:00:01.306253,0.38,2025-06-24 12:00:00,2025-06-25 04:04:14.262855,0.67,2025-06-24 20:24:00,2025-06-25 17:25:38.526124,0.88,2025-06-25,2025-06-26 12:36:06.822338,1.53,1
54,Bangkok,Frankfurt,air,0.274,0.335,2025-06-27,2025-06-28 00:12:29.918937,1.01,2025-06-27 12:00:00,2025-06-28 06:29:20.531169,0.77,2025-06-27 20:24:00,2025-06-28 15:31:16.172880,0.8,2025-06-28,2025-06-29 00:44:19.502798,1.03,1
55,Mumbai,London,air,0.29,0.196,2025-04-30,2025-04-30 19:43:53.283119,0.82,2025-04-30 12:00:00,2025-05-02 14:35:47.838572,2.11,2025-04-30 20:24:00,2025-05-02 22:44:01.760850,2.1,2025-05-01,2025-05-03 12:26:25.672936,2.52,1
56,Shanghai,Rotterdam,sea,0.251,0.617,2025-04-29,2025-04-29 03:44:41.065864,0.16,2025-05-14 00:00:00,2025-05-15 02:25:40.879964,1.1,2025-05-24 12:00:00,2025-05-25 11:01:37.472650,0.96,2025-05-29,2025-05-29 22:48:35.119027,0.95,0
57,Shanghai,Rotterdam,sea,0.177,0.341,2025-08-12,2025-08-12 06:38:42.285952,0.28,2025-08-27 00:00:00,2025-08-27 11:48:15.737367,0.49,2025-09-06 12:00:00,2025-09-06 23:49:24.056085,0.49,2025-09-11,2025-09-12 06:21:59.240989,1.27,1
58,Hong Kong,Sydney,sea,0.494,0.145,2025-02-11,2025-02-11 10:18:39.196895,0.43,2025-02-15 00:00:00,2025-02-16 09:38:12.332086,1.4,2025-02-17 19:12:00,2025-02-18 18:08:51.370929,0.96,2025-02-19,2025-02-20 10:35:27.473810,1.44,1
59,Busan,Long Beach,sea,0.162,0.456,2025-06-22,2025-06-22 21:50:59.399305,0.91,2025-06-28 00:00:00,2025-06-28 21:32:07.840143,0.9,2025-07-02 04:48:00,2025-07-03 09:01:46.018953,1.18,2025-07-04,2025-07-04 21:22:01.478868,0.89,0
60,Shanghai,Los Angeles,sea,0.238,0.211,2025-08-15,2025-08-16 11:47:00.820678,1.49,2025-08-22 00:00:00,2025-08-23 05:38:38.875394,1.24,2025-08-26 21:36:00,2025-08-28 17:33:48.693582,1.83,2025-08-29,2025-08-30 23:06:27.030441,1.96,1
61,Bangkok,Frankfurt,air,0.552,0.035,2025-07-20,2025-07-20 05:11:52.304917,0.22,2025-07-20 12:00:00,2025-07-21 05:53:04.162092,0.75,2025-07-20 20:24:00,,,2025-07-21,2025-07-21 16:34:47.340013,0.69,0
62,Shanghai,Rotterdam,sea,0.715,0.509,2025-08-04,2025-08-04 17:02:43.025893,0.71,2025-08-19 00:00:00,2025-08-21 07:58:01.465889,2.33,2025-08-29 12:00:00,2025-08-31 06:09:05.605687,1.76,2025-09-03,2025-09-05 05:25:13.925377,2.23,1
63,Hong Kong,Sydney,sea,0.361,0.287,2025-03-27,2025-03-28 05:39:01.379410,1.24,2025-03-31 00:00:00,2025-04-01 04:47:44.236521,1.2,2025-04-02 19:12:00,2025-04-03 21:38:05.679546,1.1,2025-04-04,2025-04-05 14:22:29.566632,1.6,1
64,Mumbai,London,air,0.146,0.598,2025-06-20,2025-06-20 04:59:02.083765,0.21,2025-06-20 12:00:00,2025-06-21 07:35:49.682687,0.82,2025-06-20 20:24:00,2025-06-21 12:03:49.898907,0.65,2025-06-21,2025-06-21 23:03:07.868501,0.96,0
65,Ho Chi Minh City,Los Angeles,sea,0.032,0.264,2025-10-01,2025-10-02 09:34:33.247609,1.4,2025-10-10 00:00:00,2025-10-11 07:01:34.152079,1.29,2025-10-16 07:12:00,2025-10-19 10:07:55.936005,3.12,2025-10-19,2025-10-22 21:18:06.682221,3.89,1
66,Hamburg,New York,sea,0.319,0.283,2025-06-26,2025-06-26 01:24:17.280126,0.06,2025-06-30 12:00:00,2025-07-01 10:54:19.772727,0.95,2025-07-03 15:36:00,2025-07-04 07:24:15.303088,0.66,2025-07-05,2025-07-05 05:30:44.144325,0.23,0
67,Hamburg,New York,sea,0.238,0.389,2025-08-14,2025-08-14 02:11:35.335216,0.09,2025-08-18 12:00:00,2025-08-21 10:16:07.609537,2.93,2025-08-21 15:36:00,2025-08-23 02:54:03.156047,1.47,2025-08-23,2025-08-25 02:46:20.652713,2.12,1
68,Busan,Long Beach,sea,0.384,0.18,2025-01-09,2025-01-10 07:31:54.676724,1.31,2025-01-15 00:00:00,2025-01-18 21:34:09.356334,3.9,2025-01-19 04:48:00,2025-01-20 22:13:29.783515,1.73,2025-01-21,2025-01-23 23:53:24.318924,3.0,1
69,Shanghai,Rotterdam,sea,0.289,0.358,2025-04-08,2025-04-08 07:20:14.295955,0.31,2025-04-23 00:00:00,2025-04-23 23:46:07.858319,0.99,2025-05-03 12:00:00,2025-05-04 04:51:43.275574,0.7,2025-05-08,2025-05-08 17:59:46.324812,0.75,0
70,Busan,Long Beach,sea,0.207,0.662,2025-03-31,2025-03-31 09:07:36.850676,0.38,2025-04-06 00:00:00,2025-04-08 05:11:18.728857,2.22,2025-04-10 04:48:00,2025-04-11 11:08:16.525536,1.26,2025-04-12,2025-04-13 12:37:32.249740,1.53,1
71,Shanghai,Los Angeles,sea,0.398,0.371,2025-06-17,2025-06-17 03:22:37.162114,0.14,2025-06-24 00:00:00,2025-06-25 00:32:54.851043,1.02,2025-06-28 21:36:00,2025-06-29 13:33:11.353276,0.66,2025-07-01,2025-07-01 12:47:04.248488,0.53,0
72,Ho Chi Minh City,Tokyo,sea,0.206,0.329,2025-03-23,2025-03-23 20:26:34.112637,0.85,2025-03-26 00:00:00,2025-03-27 14:39:06.401505,1.61,2025-03-28 02:24:00,,,2025-03-29,2025-03-30 05:58:45.407534,1.25,1
73,Shanghai,Los Angeles,sea,0.121,0.186,2025-08-21,2025-08-22 15:33:34.039200,1.65,2025-08-28 00:00:00,2025-08-28 23:23:55.152178,0.97,2025-09-01 21:36:00,,,2025-09-04,2025-09-05 07:05:57.677789,1.3,1
74,Shanghai,Los Angeles,sea,0.35,0.551,2025-01-07,2025-01-07 00:48:52.357566,0.03,2025-01-14 00:00:00,2025-01-15 15:49:48.947256,1.66,2025-01-18 21:36:00,2025-01-20 00:36:09.733325,1.13,2025-01-21,2025-01-23 00:48:28.813465,2.03,1
75,Busan,Long Beach,sea,0.372,0.401,2025-06-24,2025-06-24 13:41:31.019456,0.57,2025-06-30 00:00:00,2025-07-01 12:57:19.340098,1.54,2025-07-04 04:48:00,2025-07-05 03:27:31.283902,0.94,2025-07-06,2025-07-07 12:06:01.468400,1.5,1
76,Ho Chi Minh City,Tokyo,sea,0.183,0.195,2025-09-28,2025-09-28 07:39:11.832258,0.32,2025-10-01 00:00:00,2025-10-01 21:34:35.552047,0.9,2025-10-03 02:24:00,2025-10-03 15:01:59.528038,0.53,2025-10-04,2025-10-04 16:03:43.706211,0.67,0
77,Hamburg,New York,sea,0.366,0.105,2025-02-15,2025-02-15 07:26:27.351155,0.31,2025-02-19 12:00:00,2025-02-20 10:01:26.774349,0.92,2025-02-22 15:36:00,2025-02-23 10:25:25.475604,0.78,2025-02-24,2025-02-24 13:42:16.391782,0.57,0
78,Ho Chi Minh City,Los Angeles,sea,0.523,0.237,2025-04-05,2025-04-05 15:21:24.337334,0.64,2025-04-14 00:00:00,2025-04-15 21:42:35.088421,1.9,2025-04-20 07:12:00,2025-04-21 17:54:38.107809,1.45,2025-04-23,2025-04-24 18:36:56.797239,1.78,1
79,Ho Chi Minh City,Los Angeles,sea,0.316,0.558,2025-08-30,2025-08-30 04:44:33.064915,0.2,2025-09-08 00:00:00,2025-09-09 03:14:35.804460,1.14,2025-09-14 07:12:00,,,2025-09-17,2025-09-17 22:27:43.104979,0.94,0
80,Hong Kong,Sydney,sea,0.183,0.287,2025-08-11,2025-08-11 09:21:07.958366,0.39,2025-08-15 00:00:00,2025-08-16 03:30:44.151023,1.15,2025-08-17 19:12:00,2025-08-19 05:18:16.971017,1.42,2025-08-19,2025-08-20 22:52:49.875838,1.95,1
81,Ho Chi Minh City,Tokyo,sea,0.487,0.395,2025-10-24,2025-10-24 02:08:58.245147,0.09,2025-10-27 00:00:00,2025-10-28 09:52:33.886229,1.41,2025-10-29 02:24:00,2025-10-30 09:04:30.169216,1.28,2025-10-30,2025-11-01 02:08:13.790321,2.09,1
82,Singapore,Dubai,sea,0.371,0.087,2025-02-28,2025-02-28 12:36:32.533494,0.53,2025-03-05 00:00:00,2025-03-06 02:29:36.432924,1.1,2025-03-08 12:00:00,,,2025-03-10,2025-03-11 08:17:03.356737,1.35,1
83,Shanghai,Los Angeles,sea,0.188,0.207,2025-06-01,2025-06-01 09:24:17.123246,0.39,2025-06-08 00:00:00,2025-06-08 21:38:56.925622,0.9,2025-06-12 21:36:00,2025-06-13 17:15:12.852842,0.82,2025-06-15,2025-06-16 00:19:38.454579,1.01,1
84,Shanghai,Rotterdam,sea,0.291,0.09,2025-04-10,2025-04-11 04:46:01.338512,1.2,2025-04-25 00:00:00,2025-04-26 02:42:42.295468,1.11,2025-05-05 12:00:00,2025-05-06 02:22:11.589796,0.6,2025-05-10,2025-05-11 03:04:16.842901,1.13,1
85,Mumbai,London,air,0.173,0.647,2025-08-19,2025-08-19 02:08:33.675257,0.09,2025-08-19 12:00:00,2025-08-19 21:42:33.092607,0.4,2025-08-19 20:24:00,2025-08-21 17:31:19.163196,1.88,2025-08-20,2025-08-22 05:05:26.187038,2.21,1
86,Bangkok,Frankfurt,air,0.188,0.321,2025-09-14,2025-09-14 07:09:42.111635,0.3,2025-09-14 12:00:00,2025-09-15 04:10:41.292985,0.67,2025-09-14 20:24:00,2025-09-16 11:13:11.460295,1.62,2025-09-15,2025-09-16 14:02:08.460102,1.58,1
87,Hong Kong,Sydney,sea,0.278,0.189,2025-05-10,2025-05-10 01:34:28.488068,0.07,2025-05-14 00:00:00,2025-05-14 18:38:08.682359,0.78,2025-05-16 19:12:00,2025-05-17 05:25:54.787167,0.43,2025-05-18,2025-05-18 05:12:27.476996,0.22,0
88,Hamburg,New York,sea,0.217,0.513,2025-10-21,2025-10-21 01:48:18.034022,0.08,2025-10-25 12:00:00,2025-10-26 00:37:50.166867,0.53,2025-10-28 15:36:00,2025-10-29 06:20:35.390960,0.61,2025-10-30,2025-10-30 21:04:28.109556,0.88,0
89,Busan,Long Beach,sea,0.132,0.207,2025-07-12,2025-07-12 21:51:01.621221,0.91,2025-07-18 00:00:00,2025-07-20 00:24:01.251158,2.02,2025-07-22 04:48:00,2025-07-23 13:41:03.342045,1.37,2025-07-24,2025-07-26 14:03:14.286368,2.59,1
90,Bangkok,Frankfurt,air,0.238,0.146,2025-07-11,2025-07-11 00:35:34.641552,0.02,2025-07-11 12:00:00,2025-07-13 13:48:57.323739,2.08,2025-07-11 20:24:00,2025-07-12 23:05:42.371897,1.11,2025-07-12,2025-07-14 01:47:17.760790,2.07,1
91,Ho Chi Minh City,Los Angeles,sea,0.27,0.369,2025-05-09,2025-05-09 01:32:12.665587,0.06,2025-05-18 00:00:00,2025-05-19 00:28:23.017403,1.02,2025-05-24 07:12:00,2025-05-24 21:28:15.651350,0.59,2025-05-27,2025-05-27 11:25:34.071137,0.48,0
92,Hamburg,New York,sea,0.035,0.381,2025-09-22,2025-09-22 05:43:56.222894,0.24,2025-09-26 12:00:00,2025-09-27 15:30:46.978966,1.15,2025-09-29 15:36:00,2025-09-30 14:12:30.919915,0.94,2025-10-01,2025-10-02 03:00:40.153157,1.13,1
93,Hamburg,New York,sea,0.412,0.64,2025-01-21,2025-01-21 02:36:52.412143,0.11,2025-01-25 12:00:00,2025-01-26 11:06:11.840915,0.96,2025-01-28 15:36:00,2025-01-29 18:31:48.142338,1.12,2025-01-30,2025-01-31 05:59:34.138702,1.25,1
94,Ho Chi Minh City,Tokyo,sea,0.409,0.268,2025-10-18,2025-10-18 10:26:11.999392,0.43,2025-10-21 00:00:00,2025-10-22 02:19:42.555685,1.1,2025-10-23 02:24:00,2025-10-24 04:17:33.453990,1.08,2025-10-24,2025-10-25 00:15:22.129964,1.01,1
95,Ho Chi Minh City,Tokyo,sea,0.18,0.132,2025-10-25,2025-10-26 05:58:34.557022,1.25,2025-10-28 00:00:00,2025-10-29 01:21:55.560712,1.06,2025-10-30 02:24:00,2025-10-30 15:00:18.333199,0.53,2025-10-31,2025-10-31 17:21:07.462064,0.72,0
96,Mumbai,London,air,0.224,0.328,2025-06-01,2025-06-01 05:13:57.812668,0.22,2025-06-01 12:00:00,2025-06-01 20:50:46.848440,0.37,2025-06-01 20:24:00,2025-06-02 18:25:45.453189,0.92,2025-06-02,2025-06-02 16:32:08.207367,0.69,0
97,Singapore,Dubai,sea,0.25,0.288,2025-04-18,2025-04-18 23:50:07.912171,0.99,2025-04-23 00:00:00,2025-04-23 23:35:59.273050,0.98,2025-04-26 12:00:00,2025-04-27 01:51:50.981585,0.58,2025-04-28,2025-04-28 21:16:59.220766,0.89,0
98,Busan,Long Beach,sea,0.293,0.15,2025-05-05,2025-05-05 15:10:23.067613,0.63,2025-05-11 00:00:00,2025-05-12 10:31:11.677375,1.44,2025-05-15 04:48:00,2025-05-17 17:54:42.507259,2.55,2025-05-17,2025-05-20 04:10:41.551658,3.17,1
99,Singapore,Dubai,sea,0.041,0.488,2025-03-11,2025-03-11 05:15:43.166944,0.22,2025-03-16 00:00:00,2025-03-16 04:40:35.633768,0.19,2025-03-19 12:00:00,2025-03-20 02:45:31.579720,0.61,2025-03-21,2025-03-21 17:54:12.754002,0.75,0
100,Shanghai,Rotterdam,sea,0.079,0.107,2025-04-26,2025-04-26 00:44:39.559638,0.03,2025-05-11 00:00:00,2025-05-11 14:24:36.414172,0.6,2025-05-21 12:00:00,2025-05-23 01:23:35.703151,1.56,2025-05-26,2025-05-27 20:13:43.497274,1.84,1
101,Busan,Long Beach,sea,0.076,0.225,2025-01-05,2025-01-05 16:02:07.587509,0.67,2025-01-11 00:00:00,2025-01-12 02:28:16.558882,1.1,2025-01-15 04:48:00,2025-01-15 20:45:58.775769,0.67,2025-01-17,2025-01-17 12:43:57.673137,0.53,0
102,Ho Chi Minh City,Tokyo,sea,0.145,0.251,2025-05-31,2025-05-31 03:39:49.830013,0.15,2025-06-03 00:00:00,2025-06-03 14:16:08.431455,0.59,2025-06-05 02:24:00,2025-06-05 12:00:09.828924,0.4,2025-06-06,2025-06-06 13:27:02.369814,0.56,0
103,Ho Chi Minh City,Tokyo,sea,0.326,0.158,2025-06-15,2025-06-15 20:24:31.517597,0.85,2025-06-18 00:00:00,2025-06-19 05:28:07.812774,1.23,2025-06-20 02:24:00,2025-06-21 12:16:18.507036,1.41,2025-06-21,2025-06-22 00:01:58.588971,1.0,1
104,Hong Kong,Sydney,sea,0.248,0.317,2025-10-16,2025-10-17 06:43:46.622580,1.28,2025-10-20 00:00:00,2025-10-21 06:38:23.760892,1.28,2025-10-22 19:12:00,2025-10-23 20:12:29.256601,1.04,2025-10-24,2025-10-25 05:31:33.965177,1.23,1
105,Ho Chi Minh City,Los Angeles,sea,0.438,0.285,2025-05-08,2025-05-08 06:47:53.266172,0.28,2025-05-17 00:00:00,2025-05-18 06:09:56.726175,1.26,2025-05-23 07:12:00,2025-05-24 05:27:54.143676,0.93,2025-05-26,2025-05-27 04:28:57.756789,1.19,1
106,Hong Kong,Sydney,sea,0.038,0.193,2025-02-25,2025-02-25 04:14:05.433880,0.18,2025-03-01 00:00:00,2025-03-01 10:04:01.441016,0.42,2025-03-03 19:12:00,2025-03-04 03:20:21.233303,0.34,2025-03-05,2025-03-05 05:02:01.655579,0.21,0
107,Shanghai,Los Angeles,sea,0.334,0.471,2025-03-03,2025-03-03 12:44:18.337475,0.53,2025-03-10 00:00:00,2025-03-11 03:07:49.710682,1.13,2025-03-14 21:36:00,2025-03-15 21:15:51.779049,0.99,2025-03-17,2025-03-18 04:51:35.299101,1.2,1
108,Mumbai,London,air,0.321,0.177,2025-03-06,2025-03-06 04:41:23.571534,0.2,2025-03-06 12:00:00,2025-03-07 16:45:13.145611,1.2,2025-03-06 20:24:00,2025-03-07 19:33:05.472012,0.96,2025-03-07,2025-03-08 04:29:25.226571,1.19,1
109,Hamburg,New York,sea,0.202,0.122,2025-02-11,2025-02-11 18:26:46.789522,0.77,2025-02-15 12:00:00,2025-02-17 07:09:10.723755,1.8,2025-02-18 15:36:00,2025-02-20 16:09:45.170325,2.02,2025-02-20,2025-02-22 23:21:43.477834,2.97,1
110,Ho Chi Minh City,Los Angeles,sea,0.268,0.268,2025-08-02,2025-08-02 12:08:57.532935,0.51,2025-08-11 00:00:00,2025-08-12 05:31:39.986793,1.23,2025-08-17 07:12:00,2025-08-17 22:53:11.013162,0.65,2025-08-20,2025-08-20 14:13:46.523403,0.59,0
111,Shanghai,Los Angeles,sea,0.21,0.401,2025-08-16,2025-08-16 05:09:50.102669,0.22,2025-08-23 00:00:00,2025-08-24 06:44:41.960850,1.28,2025-08-27 21:36:00,2025-08-29 01:06:12.979901,1.15,2025-08-30,2025-08-31 06:15:44.217180,1.26,1
112,Busan,Long Beach,sea,0.384,0.215,2025-02-18,2025-02-18 03:32:20.813036,0.15,2025-02-24 00:00:00,2025-02-25 01:26:17.094315,1.06,2025-02-28 04:48:00,2025-02-28 18:14:57.140073,0.56,2025-03-02,2025-03-02 18:41:42.693646,0.78,0
113,Busan,Long Beach,sea,0.227,0.575,2025-07-02,2025-07-02 01:11:52.796937,0.05,2025-07-08 00:00:00,2025-07-08 18:18:06.307130,0.76,2025-07-12 04:48:00,2025-07-13 02:41:24.184841,0.91,2025-07-14,2025-07-15 04:15:23.433620,1.18,1
114,Shanghai,Rotterdam,sea,0.254,0.409,2025-08-21,2025-08-21 09:25:24.909369,0.39,2025-09-05 00:00:00,2025-09-06 04:41:44.610275,1.2,2025-09-15 12:00:00,,,2025-09-20,2025-09-20 16:09:27.143933,0.67,0
115,Hong Kong,Sydney,sea,0.272,0.062,2025-03-29,2025-03-29 05:01:46.569411,0.21,2025-04-02 00:00:00,2025-04-02 22:34:22.583087,0.94,2025-04-04 19:12:00,2025-04-05 18:36:01.821734,0.98,2025-04-06,2025-04-07 06:23:10.661348,1.27,1
116,Singapore,Dubai,sea,0.582,0.347,2025-05-24,2025-05-24 20:02:23.835345,0.83,2025-05-29 00:00:00,2025-05-31 05:40:32.339552,2.24,2025-06-01 12:00:00,2025-06-03 10:06:25.448100,1.92,2025-06-03,2025-06-05 04:41:11.445146,2.2,1
117,Shanghai,Rotterdam,sea,0.096,0.198,2025-03-27,2025-03-27 22:36:36.974430,0.94,2025-04-11 00:00:00,2025-04-12 09:57:35.111447,1.41,2025-04-21 12:00:00,,,2025-04-26,2025-04-27 13:47:18.706144,1.57,1
118,Ho Chi Minh City,Los Angeles,sea,0.212,0.366,2025-05-12,2025-05-12 15:21:52.820838,0.64,2025-05-21 00:00:00,2025-05-22 18:08:10.004786,1.76,2025-05-27 07:12:00,2025-05-28 13:04:34.065046,1.24,2025-05-30,2025-05-31 05:37:39.308289,1.23,1
119,Hamburg,New York,sea,0.065,0.172,2025-08-17,2025-08-17 10:24:34.356978,0.43,2025-08-21 12:00:00,2025-08-22 04:32:39.080655,0.69,2025-08-24 15:36:00,2025-08-25 08:10:28.550536,0.69,2025-08-26,2025-08-27 04:39:59.944857,1.19,1
120,Shanghai,Rotterdam,sea,0.346,0.094,2025-04-27,2025-04-27 18:38:55.996648,0.78,2025-05-12 00:00:00,2025-05-13 09:00:57.717478,1.38,2025-05-22 12:00:00,2025-05-23 07:54:00.209928,0.83,2025-05-27,2025-05-28 01:15:33.206247,1.05,1
121,Shanghai,Rotterdam,sea,0.105,0.359,2025-07-17,2025-07-19 08:41:46.102068,2.36,2025-08-01 00:00:00,2025-08-02 15:09:37.872440,1.63,2025-08-11 12:00:00,2025-08-12 20:53:55.883456,1.37,2025-08-16,2025-08-18 14:45:02.896236,2.61,1
122,Hamburg,New York,sea,0.296,0.435,2025-02-04,2025-02-04 06:44:17.535109,0.28,2025-02-08 12:00:00,2025-02-10 06:45:14.749988,1.78,2025-02-11 15:36:00,2025-02-13 07:37:35.989660,1.67,2025-02-13,2025-02-15 04:56:57.207931,2.21,1
123,Hamburg,New York,sea,0.225,0.269,2025-02-05,2025-02-05 00:09:42.908499,0.01,2025-02-09 12:00:00,2025-02-10 04:09:45.592573,0.67,2025-02-12 15:36:00,,,2025-02-14,2025-02-14 06:11:15.901350,0.26,0
124,Mumbai,London,air,0.34,0.113,2025-08-16,2025-08-16 00:24:37.073877,0.02,2025-08-16 12:00:00,2025-08-16 19:01:23.817697,0.29,2025-08-16 20:24:00,2025-08-17 23:18:15.120929,1.12,2025-08-17,2025-08-18 05:04:54.211793,1.21,1
125,Mumbai,London,air,0.082,0.13,2025-05-22,2025-05-22 15:44:54.753925,0.66,2025-05-22 12:00:00,2025-05-24 17:57:27.358119,2.25,2025-05-22 20:24:00,2025-05-23 22:23:35.614863,1.08,2025-05-23,2025-05-24 21:01:55.170141,1.88,1
126,Busan,Long Beach,sea,0.277,0.133,2025-06-01,2025-06-01 01:27:46.361074,0.06,2025-06-07 00:00:00,2025-06-08 15:01:15.906598,1.63,2025-06-11 04:48:00,2025-06-12 10:19:38.263102,1.23,2025-06-13,2025-06-14 14:44:53.445641,1.61,1
127,Hong Kong,Sydney,sea,0.229,0.411,2025-05-05,2025-05-05 16:36:04.318932,0.69,2025-05-09 00:00:00,2025-05-09 21:26:24.096144,0.89,2025-05-11 19:12:00,2025-05-12 23:33:28.707049,1.18,2025-05-13,2025-05-14 09:17:09.206248,1.39,1
128,Busan,Long Beach,sea,0.197,0.447,2025-06-17,2025-06-19 02:23:17.479317,2.1,2025-06-23 00:00:00,2025-06-24 19:29:39.108888,1.81,2025-06-27 04:48:00,,,2025-06-29,2025-06-30 16:03:58.261172,1.67,1
129,Singapore,Dubai,sea,0.206,0.328,2025-09-24,2025-09-24 02:44:03.670502,0.11,2025-09-29 00:00:00,2025-09-29 20:50:38.294048,0.87,2025-10-02 12:00:00,2025-10-03 03:31:31.017344,0.65,2025-10-04,2025-10-04 22:34:40.878729,0.94,0
130,Mumbai,London,air,0.824,0.561,2025-02-09,2025-02-09 08:29:17.510032,0.35,2025-02-09 12:00:00,2025-02-10 16:18:51.567420,1.18,2025-02-09 20:24:00,2025-02-10 14:47:14.727309,0.77,2025-02-10,2025-02-11 10:14:34.601014,1.43,1
131,Hamburg,New York,sea,0.688,0.149,2025-01-21,2025-01-21 15:29:59.674379,0.65,2025-01-25 12:00:00,2025-01-27 10:29:14.320897,1.94,2025-01-28 15:36:00,2025-01-31 19:59:53.246057,3.18,2025-01-30,2025-02-02 18:03:09.944035,3.75,1
132,Ho Chi Minh City,Tokyo,sea,0.214,0.187,2025-08-01,2025-08-01 03:31:17.531707,0.15,2025-08-04 00:00:00,2025-08-05 09:09:37.199653,1.38,2025-08-06 02:24:00,2025-08-07 14:14:44.899870,1.49,2025-08-07,2025-08-08 21:21:20.444727,1.89,1
133,Hamburg,New York,sea,0.099,0.417,2025-09-30,2025-09-30 22:06:00.137305,0.92,2025-10-04 12:00:00,2025-10-05 07:36:53.297806,0.82,2025-10-07 15:36:00,2025-10-09 17:34:47.114717,2.08,2025-10-09,2025-10-11 01:36:21.835779,2.07,1
134,Shanghai,Rotterdam,sea,0.269,0.116,2025-10-21,2025-10-21 05:21:45.113210,0.22,2025-11-05 00:00:00,2025-11-05 17:00:08.644817,0.71,2025-11-15 12:00:00,2025-11-16 10:01:12.851155,0.92,2025-11-20,2025-11-20 21:40:44.030113,0.9,0
135,Ho Chi Minh City,Tokyo,sea,0.308,0.217,2025-02-15,2025-02-15 07:24:07.912431,0.31,2025-02-18 00:00:00,2025-02-19 18:50:23.236274,1.78,2025-02-20 02:24:00,2025-02-21 05:44:19.116043,1.14,2025-02-21,2025-02-22 14:28:04.676767,1.6,1
136,Ho Chi Minh City,Tokyo,sea,0.292,0.183,2025-06-22,2025-06-23 15:30:02.518809,1.65,2025-06-25 00:00:00,2025-06-26 19:11:16.255536,1.8,2025-06-27 02:24:00,2025-06-28 01:21:42.674705,0.96,2025-06-28,2025-06-29 17:55:10.925033,1.75,1
137,Singapore,Dubai,sea,0.181,0.248,2025-08-15,2025-08-15 03:04:46.745858,0.13,2025-08-20 00:00:00,2025-08-21 02:26:32.298183,1.1,2025-08-23 12:00:00,2025-08-24 10:19:19.514772,0.93,2025-08-25,2025-08-26 01:20:50.555569,1.06,1
138,Bangkok,Frankfurt,air,0.396,0.2,2025-10-03,2025-10-03 02:59:06.010754,0.12,2025-10-03 12:00:00,2025-10-04 04:04:11.049733,0.67,2025-10-03 20:24:00,2025-10-04 18:04:09.974735,0.9,2025-10-04,2025-10-05 09:32:50.671361,1.4,1
139,Ho Chi Minh City,Los Angeles,sea,0.359,0.006,2025-02-16,2025-02-16 01:46:31.340444,0.07,2025-02-25 00:00:00,2025-02-26 00:55:28.241439,1.04,2025-03-03 07:12:00,2025-03-03 18:58:21.072025,0.49,2025-03-06,2025-03-07 03:14:47.704477,1.14,1
140,Mumbai,London,air,0.244,0.118,2025-09-14,2025-09-14 03:45:33.940475,0.16,2025-09-14 12:00:00,2025-09-14 23:47:15.826741,0.49,2025-09-14 20:24:00,,,2025-09-15,2025-09-16 10:09:17.523677,1.42,1
141,Hong Kong,Sydney,sea,0.487,0.152,2025-07-09,2025-07-09 21:29:59.794202,0.9,2025-07-13 00:00:00,2025-07-15 07:01:58.908709,2.29,2025-07-15 19:12:00,2025-07-16 22:15:39.257989,1.13,2025-07-17,2025-07-17 23:03:00.494126,0.96,0
142,Busan,Long Beach,sea,0.087,0.353,2025-02-10,2025-02-10 00:21:41.064245,0.02,2025-02-16 00:00:00,2025-02-16 18:18:35.092522,0.76,2025-02-20 04:48:00,2025-02-20 16:47:49.579701,0.5,2025-02-22,2025-02-22 09:57:49.714421,0.42,0
143,Shanghai,Los Angeles,sea,0.572,0.475,2025-09-07,2025-09-07 15:20:07.643536,0.64,2025-09-14 00:00:00,2025-09-16 11:19:21.644807,2.47,2025-09-18 21:36:00,,,2025-09-21,2025-09-23 00:41:10.841551,2.03,1
144,Ho Chi Minh City,Tokyo,sea,0.374,0.128,2025-08-13,2025-08-13 06:12:54.011107,0.26,2025-08-16 00:00:00,2025-08-17 02:43:00.116624,1.11,2025-08-18 02:24:00,2025-08-19 03:55:33.819311,1.06,2025-08-19,2025-08-20 00:22:59.550403,1.02,1
145,Ho Chi Minh City,Los Angeles,sea,0.355,0.209,2025-04-03,2025-04-03 00:49:30.179789,0.03,2025-04-12 00:00:00,2025-04-13 04:33:38.898955,1.19,2025-04-18 07:12:00,2025-04-18 22:36:19.261197,0.64,2025-04-21,2025-04-21 20:57:38.737610,0.87,0
146,Shanghai,Los Angeles,sea,0.176,0.131,2025-10-04,2025-10-04 14:09:03.896529,0.59,2025-10-11 00:00:00,2025-10-11 20:29:32.884650,0.85,2025-10-15 21:36:00,2025-10-16 18:05:47.334728,0.85,2025-10-18,2025-10-19 00:59:45.874627,1.04,1
147,Hamburg,New York,sea,0.217,0.682,2025-03-16,2025-03-16 10:28:22.775370,0.44,2025-03-20 12:00:00,2025-03-21 08:25:12.984180,0.85,2025-03-23 15:36:00,2025-03-24 16:46:42.535924,1.05,2025-03-25,2025-03-26 13:44:39.007914,1.57,1
148,Bangkok,Frankfurt,air,0.482,0.228,2025-05-06,2025-05-06 10:52:32.712228,0.45,2025-05-06 12:00:00,2025-05-07 01:13:38.515395,0.55,2025-05-06 20:24:00,2025-05-07 22:27:31.094506,1.09,2025-05-07,2025-05-07 14:33:25.422525,0.61,0
149,Ho Chi Minh City,Tokyo,sea,0.298,0.202,2025-08-22,2025-08-22 06:02:20.178688,0.25,2025-08-25 00:00:00,2025-08-25 22:23:22.016937,0.93,2025-08-27 02:24:00,2025-08-27 15:18:30.987663,0.54,2025-08-28,2025-08-28 10:05:53.900118,0.42,0
150,Hamburg,New York,sea,0.204,0.19,2025-10-05,2025-10-05 09:21:18.439066,0.39,2025-10-09 12:00:00,2025-10-10 03:48:31.652730,0.66,2025-10-12 15:36:00,2025-10-13 07:57:03.617836,0.68,2025-10-14,2025-10-14 23:40:18.615006,0.99,0
151,Hong Kong,Sydney,sea,0.42,0.1,2025-01-21,2025-01-22 16:43:29.861001,1.7,2025-01-25 00:00:00,2025-01-26 20:40:32.028436,1.86,2025-01-27 19:12:00,2025-01-28 18:21:36.239375,0.97,2025-01-29,2025-01-30 04:26:38.131935,1.19,1
152,Shanghai,Rotterdam,sea,0.273,0.401,2025-05-25,2025-05-25 14:53:28.165900,0.62,2025-06-09 00:00:00,2025-06-10 23:40:37.598894,1.99,2025-06-19 12:00:00,2025-06-20 13:14:28.379760,1.05,2025-06-24,2025-06-25 03:04:47.148445,1.13,1
153,Shanghai,Rotterdam,sea,0.174,0.163,2025-02-15,2025-02-15 00:25:14.983091,0.02,2025-03-02 00:00:00,2025-03-04 03:28:06.914166,2.14,2025-03-12 12:00:00,2025-03-14 15:08:16.432847,2.13,2025-03-17,2025-03-19 06:55:34.579160,2.29,1
154,Hong Kong,Sydney,sea,0.438,0.113,2025-08-30,2025-08-30 15:31:23.213361,0.65,2025-09-03 00:00:00,2025-09-05 07:17:59.762455,2.3,2025-09-05 19:12:00,2025-09-07 00:31:17.628170,1.22,2025-09-07,2025-09-08 00:30:42.105184,1.02,1
155,Ho Chi Minh City,Tokyo,sea,0.155,0.143,2025-01-13,2025-01-14 18:42:29.285846,1.78,2025-01-16 00:00:00,2025-01-17 00:10:16.517959,1.01,2025-01-18 02:24:00,2025-01-19 02:29:55.696840,1.0,2025-01-19,2025-01-21 01:19:48.068611,2.06,1
156,Shanghai,Rotterdam,sea,0.312,0.237,2025-05-21,2025-05-21 16:48:04.359900,0.7,2025-06-05 00:00:00,2025-06-06 15:29:09.018116,1.65,2025-06-15 12:00:00,2025-06-16 16:57:26.399007,1.21,2025-06-20,2025-06-21 18:44:34.961982,1.78,1
157,Bangkok,Frankfurt,air,0.445,0.323,2025-06-22,2025-06-22 14:21:29.731142,0.6,2025-06-22 12:00:00,2025-06-23 00:23:53.525274,0.52,2025-06-22 20:24:00,2025-06-23 06:15:10.709249,0.41,2025-06-23,2025-06-23 00:24:23.072395,0.02,0
158,Shanghai,Rotterdam,sea,0.349,0.076,2025-08-03,2025-08-04 07:46:46.240084,1.32,2025-08-18 00:00:00,2025-08-19 10:36:02.131845,1.44,2025-08-28 12:00:00,2025-08-30 01:27:57.580048,1.56,2025-09-02,2025-09-03 21:39:34.405739,1.9,1
159,Ho Chi Minh City,Los Angeles,sea,0.021,0.173,2025-02-23,2025-02-23 00:53:37.621849,0.04,2025-03-04 00:00:00,2025-03-04 15:11:02.920150,0.63,2025-03-10 07:12:00,2025-03-10 18:00:50.229976,0.45,2025-03-13,2025-03-13 21:47:13.113296,0.91,0
160,Ho Chi Minh City,Tokyo,sea,0.182,0.227,2025-10-17,2025-10-17 01:43:26.638820,0.07,2025-10-20 00:00:00,2025-10-20 22:15:22.893602,0.93,2025-10-22 02:24:00,,,2025-10-23,2025-10-23 10:51:35.516840,0.45,0
161,Busan,Long Beach,sea,0.361,0.699,2025-06-06,2025-06-07 08:03:51.169658,1.34,2025-06-12 00:00:00,2025-06-14 02:08:00.388388,2.09,2025-06-16 04:48:00,2025-06-17 10:34:19.299772,1.24,2025-06-18,2025-06-19 15:54:57.468472,1.66,1
162,Shanghai,Rotterdam,sea,0.5,0.154,2025-07-05,2025-07-05 00:31:06.762171,0.02,2025-07-20 00:00:00,2025-07-21 13:08:22.662831,1.55,2025-07-30 12:00:00,2025-08-01 06:15:07.272214,1.76,2025-08-04,2025-08-06 05:03:16.882535,2.21,1
163,Hamburg,New York,sea,0.38,0.334,2025-07-30,2025-07-30 12:23:56.132050,0.52,2025-08-03 12:00:00,2025-08-04 12:51:09.100083,1.04,2025-08-06 15:36:00,2025-08-07 09:49:49.548702,0.76,2025-08-08,2025-08-09 08:03:42.901292,1.34,1
164,Ho Chi Minh City,Los Angeles,sea,0.131,0.391,2025-05-17,2025-05-17 12:51:09.615894,0.54,2025-05-26 00:00:00,2025-05-26 18:35:39.645628,0.77,2025-06-01 07:12:00,2025-06-02 15:42:01.558252,1.35,2025-06-04,2025-06-05 18:19:55.306566,1.76,1
165,Shanghai,Rotterdam,sea,0.113,0.131,2025-02-22,2025-02-22 03:44:13.277784,0.16,2025-03-09 00:00:00,2025-03-10 04:51:19.377344,1.2,2025-03-19 12:00:00,2025-03-20 01:15:16.961637,0.55,2025-03-24,2025-03-24 23:07:23.906835,0.96,0
166,Bangkok,Frankfurt,air,0.265,0.08,2025-01-29,2025-01-29 07:29:08.102543,0.31,2025-01-29 12:00:00,2025-01-31 10:44:57.729773,1.95,2025-01-29 20:24:00,2025-01-30 23:05:17.536594,1.11,2025-01-30,2025-01-31 04:17:05.224630,1.18,1
167,Shanghai,Los Angeles,sea,0.46,0.188,2025-09-01,2025-09-01 12:19:19.107524,0.51,2025-09-08 00:00:00,2025-09-09 14:42:05.853076,1.61,2025-09-12 21:36:00,2025-09-13 23:23:36.787697,1.07,2025-09-15,2025-09-16 05:25:19.279902,1.23,1
168,Mumbai,London,air,0.249,0.044,2025-04-14,2025-04-14 00:48:55.534635,0.03,2025-04-14 12:00:00,2025-04-14 19:50:29.788490,0.33,2025-04-14 20:24:00,2025-04-15 02:47:05.835095,0.27,2025-04-15,2025-04-15 20:04:10.182796,0.84,0
169,Busan,Long Beach,sea,0.123,0.352,2025-07-18,2025-07-18 01:49:15.901854,0.08,2025-07-24 00:00:00,2025-07-24 18:52:10.334979,0.79,2025-07-28 04:48:00,2025-07-29 07:09:58.461998,1.1,2025-07-30,2025-07-31 10:51:21.939362,1.45,1
170,Hamburg,New York,sea,0.394,0.504,2025-06-23,2025-06-23 00:46:14.390939,0.03,2025-06-27 12:00:00,2025-06-28 11:26:42.270586,0.98,2025-06-30 15:36:00,2025-07-01 07:05:53.969574,0.65,2025-07-02,2025-07-02 14:15:04.958775,0.59,0
171,Shanghai,Rotterdam,sea,0.647,0.344,2025-03-19,2025-03-19 09:29:28.181513,0.4,2025-04-03 00:00:00,2025-04-04 20:36:21.210926,1.86,2025-04-13 12:00:00,2025-04-14 10:23:55.508470,0.93,2025-04-18,2025-04-19 09:35:54.768758,1.4,1
172,Bangkok,Frankfurt,air,0.296,0.21,2025-01-19,2025-01-19 02:19:27.866743,0.1,2025-01-19 12:00:00,2025-01-19 20:54:24.732942,0.37,2025-01-19 20:24:00,2025-01-20 02:36:44.148873,0.26,2025-01-20,2025-01-20 02:18:16.455653,0.1,0
173,Hamburg,New York,sea,0.473,0.39,2025-03-22,2025-03-22 02:07:51.133892,0.09,2025-03-26 12:00:00,2025-03-28 00:10:00.788793,1.51,2025-03-29 15:36:00,2025-03-31 00:55:30.295517,1.39,2025-03-31,2025-04-01 11:22:22.454991,1.47,1
174,Ho Chi Minh City,Los Angeles,sea,0.282,0.139,2025-10-05,2025-10-05 06:43:05.275954,0.28,2025-10-14 00:00:00,2025-10-14 17:36:39.828109,0.73,2025-10-20 07:12:00,2025-10-20 22:12:41.362387,0.63,2025-10-23,2025-10-23 13:28:23.110938,0.56,0
175,Bangkok,Frankfurt,air,0.315,0.388,2025-04-09,2025-04-10 12:10:25.483581,1.51,2025-04-09 12:00:00,2025-04-10 14:51:32.647341,1.12,2025-04-09 20:24:00,2025-04-10 16:02:07.761026,0.82,2025-04-10,2025-04-11 06:21:59.829549,1.27,1
176,Ho Chi Minh City,Tokyo,sea,0.702,0.244,2025-10-05,2025-10-06 00:11:17.418417,1.01,2025-10-08 00:00:00,2025-10-10 01:09:36.827430,2.05,2025-10-10 02:24:00,2025-10-12 05:50:09.424241,2.14,2025-10-11,2025-10-13 04:35:49.312946,2.19,1
177,Singapore,Dubai,sea,0.574,0.278,2025-10-06,2025-10-06 07:45:46.274936,0.32,2025-10-11 00:00:00,2025-10-12 17:33:28.845647,1.73,2025-10-14 12:00:00,2025-10-15 10:09:08.126433,0.92,2025-10-16,2025-10-17 15:10:57.670958,1.63,1
178,Ho Chi Minh City,Los Angeles,sea,0.59,0.104,2025-10-07,2025-10-07 21:02:09.642600,0.88,2025-10-16 00:00:00,2025-10-17 14:46:09.295735,1.62,2025-10-22 07:12:00,2025-10-23 12:24:22.042311,1.22,2025-10-25,2025-10-26 10:21:44.194585,1.43,1
179,Shanghai,Rotterdam,sea,0.679,0.244,2025-09-06,2025-09-06 00:45:34.228108,0.03,2025-09-21 00:00:00,2025-09-22 18:18:17.922695,1.76,2025-10-01 12:00:00,2025-10-02 20:11:01.102299,1.34,2025-10-06,2025-10-07 13:12:45.145267,1.55,1
180,Mumbai,London,air,0.187,0.447,2025-01-30,2025-01-30 04:43:18.332514,0.2,2025-01-30 12:00:00,2025-01-31 07:45:01.298333,0.82,2025-01-30 20:24:00,2025-02-01 01:57:21.785715,1.23,2025-01-31,2025-02-01 06:39:51.851264,1.28,1
181,Hong Kong,Sydney,sea,0.085,0.219,2025-02-01,2025-02-01 02:11:50.240990,0.09,2025-02-05 00:00:00,2025-02-05 23:26:08.135493,0.98,2025-02-07 19:12:00,2025-02-08 15:36:50.463019,0.85,2025-02-09,2025-02-09 12:21:53.009113,0.52,0
182,Busan,Long Beach,sea,0.207,0.164,2025-07-17,2025-07-18 06:27:31.884871,1.27,2025-07-23 00:00:00,2025-07-24 10:32:00.114642,1.44,2025-07-27 04:48:00,2025-07-28 09:07:00.229541,1.18,2025-07-29,2025-07-30 12:57:57.761842,1.54,1
183,Shanghai,Los Angeles,sea,0.248,0.311,2025-07-11,2025-07-11 08:13:41.917785,0.34,2025-07-18 00:00:00,2025-07-18 21:36:50.999203,0.9,2025-07-22 21:36:00,2025-07-23 11:40:57.369807,0.59,2025-07-25,2025-07-26 00:14:10.100102,1.01,1
184,Singapore,Dubai,sea,0.366,0.177,2025-06-17,2025-06-17 00:38:11.819963,0.03,2025-06-22 00:00:00,2025-06-23 04:21:58.139981,1.18,2025-06-25 12:00:00,2025-06-26 13:37:56.642298,1.07,2025-06-27,2025-06-28 00:53:50.985359,1.04,1
185,Singapore,Dubai,sea,0.27,0.423,2025-07-25,2025-07-25 11:45:57.322439,0.49,2025-07-30 00:00:00,2025-07-31 04:18:26.946075,1.18,2025-08-02 12:00:00,2025-08-03 21:34:26.678278,1.4,2025-08-04,2025-08-05 13:45:12.136287,1.57,1
186,Hamburg,New York,sea,0.19,0.082,2025-02-19,2025-02-19 06:48:13.748227,0.28,2025-02-23 12:00:00,2025-02-24 14:11:01.734518,1.09,2025-02-26 15:36:00,,,2025-02-28,2025-02-28 20:10:05.959707,0.84,0
187,Mumbai,London,air,0.244,0.289,2025-01-29,2025-01-29 04:43:15.692843,0.2,2025-01-29 12:00:00,2025-01-31 03:49:23.131904,1.66,2025-01-29 20:24:00,2025-01-31 15:25:56.751395,1.79,2025-01-30,2025-02-01 03:16:21.591824,2.14,1
188,Shanghai,Rotterdam,sea,0.243,0.242,2025-09-23,2025-09-23 08:43:39.524645,0.36,2025-10-08 00:00:00,2025-10-09 07:55:13.156625,1.33,2025-10-18 12:00:00,2025-10-19 13:13:45.544649,1.05,2025-10-23,2025-10-24 01:47:37.206943,1.07,1
189,Hong Kong,Sydney,sea,0.242,0.203,2025-03-25,2025-03-25 01:09:33.803006,0.05,2025-03-29 00:00:00,2025-03-29 23:06:04.688094,0.96,2025-03-31 19:12:00,2025-04-01 16:43:51.733771,0.9,2025-04-02,2025-04-02 19:45:06.663909,0.82,0
190,Ho Chi Minh City,Los Angeles,sea,0.682,0.38,2025-04-08,2025-04-08 05:36:44.379945,0.23,2025-04-17 00:00:00,2025-04-18 15:07:41.382726,1.63,2025-04-23 07:12:00,2025-04-24 12:53:34.202444,1.24,2025-04-26,2025-04-27 16:04:21.403191,1.67,1
191,Mumbai,London,air,0.394,0.153,2025-05-25,2025-05-25 08:16:14.979077,0.34,2025-05-25 12:00:00,2025-05-26 13:52:29.462549,1.08,2025-05-25 20:24:00,2025-05-26 12:23:25.802861,0.67,2025-05-26,2025-05-27 00:30:54.052197,1.02,1
192,Ho Chi Minh City,Los Angeles,sea,0.168,0.223,2025-02-16,2025-02-16 00:21:33.755967,0.01,2025-02-25 00:00:00,2025-02-25 14:26:39.403464,0.6,2025-03-03 07:12:00,,,2025-03-06,2025-03-06 15:13:23.545016,0.63,0
193,Shanghai,Rotterdam,sea,0.325,0.141,2025-02-07,2025-02-07 05:48:00.592187,0.24,2025-02-22 00:00:00,2025-02-23 03:27:04.884833,1.14,2025-03-04 12:00:00,2025-03-05 03:52:00.547859,0.66,2025-03-09,2025-03-09 18:31:22.860305,0.77,0
194,Mumbai,London,air,0.557,0.166,2025-10-11,2025-10-12 05:37:03.402369,1.23,2025-10-11 12:00:00,2025-10-13 06:29:32.156552,1.77,2025-10-11 20:24:00,2025-10-12 15:43:50.327533,0.81,2025-10-12,2025-10-13 23:48:38.674141,1.99,1
195,Shanghai,Rotterdam,sea,0.069,0.59,2025-03-04,2025-03-04 04:09:00.825760,0.17,2025-03-19 00:00:00,2025-03-19 11:59:52.074276,0.5,2025-03-29 12:00:00,,,2025-04-03,2025-04-03 15:05:01.699841,0.63,0
196,Hong Kong,Sydney,sea,0.06,0.09,2025-05-13,2025-05-13 18:31:50.446014,0.77,2025-05-17 00:00:00,2025-05-18 19:04:54.559388,1.8,2025-05-19 19:12:00,2025-05-21 02:41:53.145515,1.31,2025-05-21,2025-05-22 16:49:31.757725,1.7,1
197,Ho Chi Minh City,Tokyo,sea,0.496,0.718,2025-02-21,2025-02-22 00:43:42.438722,1.03,2025-02-24 00:00:00,2025-02-26 07:21:24.336874,2.31,2025-02-26 02:24:00,2025-02-27 11:29:50.271352,1.38,2025-02-27,2025-03-01 02:41:00.923731,2.11,1
198,Shanghai,Los Angeles,sea,0.381,0.107,2025-03-17,2025-03-17 23:29:16.440294,0.98,2025-03-24 00:00:00,2025-03-25 20:10:56.156363,1.84,2025-03-28 21:36:00,2025-03-29 22:06:45.909403,1.02,2025-03-31,2025-04-01 09:26:26.095240,1.39,1
199,Hamburg,New York,sea,0.578,0.503,2025-04-18,2025-04-18 08:40:53.859704,0.36,2025-04-22 12:00:00,2025-04-23 23:57:00.615202,1.5,2025-04-25 15:36:00,2025-04-26 12:51:29.327974,0.89,2025-04-27,2025-04-28 03:17:34.807728,1.14,1
200,Singapore,Dubai,sea,0.158,0.435,2025-06-01,2025-06-01 11:29:41.087680,0.48,2025-06-06 00:00:00,2025-06-06 21:45:35.576535,0.91,2025-06-09 12:00:00,2025-06-10 07:04:45.874537,0.79,2025-06-11,2025-06-11 20:30:52.156424,0.85,0
201,Singapore,Dubai,sea,0.078,0.531,2025-08-27,2025-08-27 01:28:16.909973,0.06,2025-09-01 00:00:00,2025-09-01 15:47:43.140335,0.66,2025-09-04 12:00:00,2025-09-05 01:52:57.262526,0.58,2025-09-06,2025-09-06 10:44:32.204915,0.45,0
202,Mumbai,London,air,0.156,0.335,2025-09-08,2025-09-08 07:42:54.965429,0.32,2025-09-08 12:00:00,2025-09-09 02:59:04.433960,0.62,2025-09-08 20:24:00,2025-09-09 15:54:59.972381,0.81,2025-09-09,2025-09-10 08:53:32.716164,1.37,1
203,Ho Chi Minh City,Los Angeles,sea,0.299,0.171,2025-07-18,2025-07-18 07:12:08.324901,0.3,2025-07-27 00:00:00,2025-07-27 20:43:45.679709,0.86,2025-08-02 07:12:00,,,2025-08-05,2025-08-06 09:06:03.665304,1.38,1
204,Ho Chi Minh City,Los Angeles,sea,0.424,0.18,2025-08-08,2025-08-08 09:27:53.775513,0.39,2025-08-17 00:00:00,2025-08-20 01:45:04.361114,3.07,2025-08-23 07:12:00,2025-08-24 20:36:31.639143,1.56,2025-08-26,2025-08-27 12:55:40.517381,1.54,1
205,Hong Kong,Sydney,sea,0.036,0.158,2025-05-02,2025-05-02 05:10:06.162727,0.22,2025-05-06 00:00:00,2025-05-07 11:16:36.334993,1.47,2025-05-08 19:12:00,2025-05-09 15:47:05.280073,0.86,2025-05-10,2025-05-11 06:25:49.037843,1.27,1
206,Shanghai,Rotterdam,sea,0.391,0.191,2025-07-28,2025-07-28 00:10:36.608456,0.01,2025-08-12 00:00:00,2025-08-12 23:58:48.983332,1.0,2025-08-22 12:00:00,2025-08-23 11:52:33.876987,0.99,2025-08-27,2025-08-28 10:22:15.683836,1.43,1
207,Ho Chi Minh City,Los Angeles,sea,0.226,0.041,2025-09-02,2025-09-02 12:00:31.807639,0.5,2025-09-11 00:00:00,2025-09-11 17:52:06.902145,0.74,2025-09-17 07:12:00,2025-09-17 21:00:34.812065,0.58,2025-09-20,2025-09-20 11:28:18.802009,0.48,0
208,Ho Chi Minh City,Los Angeles,sea,0.449,0.103,2025-05-26,2025-05-27 14:11:02.819062,1.59,2025-06-04 00:00:00,2025-06-05 18:27:39.521214,1.77,2025-06-10 07:12:00,2025-06-11 09:04:02.780304,1.08,2025-06-13,2025-06-15 01:07:00.805754,2.05,1
209,Singapore,Dubai,sea,0.241,0.409,2025-10-05,2025-10-05 00:46:57.578891,0.03,2025-10-10 00:00:00,2025-10-11 07:15:53.765435,1.3,2025-10-13 12:00:00,2025-10-14 21:58:12.467298,1.42,2025-10-15,2025-10-16 18:49:14.130188,1.78,1
210,Busan,Long Beach,sea,0.367,0.03,2025-06-27,2025-06-27 18:22:37.502611,0.77,2025-07-03 00:00:00,2025-07-04 08:04:17.637937,1.34,2025-07-07 04:48:00,2025-07-07 20:08:22.835548,0.64,2025-07-09,2025-07-09 12:19:30.425562,0.51,0
211,Mumbai,London,air,0.154,0.481,2025-06-12,2025-06-12 10:09:36.435604,0.42,2025-06-12 12:00:00,2025-06-12 22:10:27.670596,0.42,2025-06-12 20:24:00,,,2025-06-13,2025-06-13 14:26:24.318868,0.6,0
212,Hamburg,New York,sea,0.301,0.233,2025-05-05,2025-05-05 10:36:35.451102,0.44,2025-05-09 12:00:00,2025-05-10 17:52:53.606756,1.25,2025-05-12 15:36:00,2025-05-15 03:14:02.665963,2.48,2025-05-14,2025-05-17 09:12:56.605276,3.38,1
213,Shanghai,Rotterdam,sea,0.085,0.231,2025-07-22,2025-07-23 11:45:30.495015,1.49,2025-08-06 00:00:00,2025-08-07 12:46:23.359918,1.53,2025-08-16 12:00:00,2025-08-17 09:48:00.639928,0.91,2025-08-21,2025-08-22 15:06:15.561452,1.63,1
214,Bangkok,Frankfurt,air,0.549,0.161,2025-05-23,2025-05-23 02:44:25.383561,0.11,2025-05-23 12:00:00,2025-05-23 23:13:54.017622,0.47,2025-05-23 20:24:00,,,2025-05-24,2025-05-24 21:51:19.140679,0.91,0
215,Shanghai,Rotterdam,sea,0.151,0.344,2025-04-04,2025-04-05 01:36:20.966061,1.07,2025-04-19 00:00:00,2025-04-20 02:22:30.564675,1.1,2025-04-29 12:00:00,2025-04-30 19:54:32.046237,1.33,2025-05-04,2025-05-05 19:45:47.231995,1.82,1
216,Hong Kong,Sydney,sea,0.364,0.252,2025-04-26,2025-04-26 03:23:34.468148,0.14,2025-04-30 00:00:00,2025-05-01 10:43:43.382668,1.45,2025-05-02 19:12:00,2025-05-03 20:50:24.633133,1.07,2025-05-04,2025-05-05 12:06:21.590313,1.5,1
217,Hamburg,New York,sea,0.324,0.119,2025-10-03,2025-10-03 05:07:24.455747,0.21,2025-10-07 12:00:00,2025-10-08 13:53:35.562563,1.08,2025-10-10 15:36:00,2025-10-11 08:13:49.377959,0.69,2025-10-12,2025-10-12 23:27:10.584155,0.98,0
218,Busan,Long Beach,sea,0.181,0.052,2025-03-25,2025-03-26 19:22:37.927186,1.81,2025-03-31 00:00:00,2025-04-01 15:51:12.354878,1.66,2025-04-04 04:48:00,2025-04-06 06:20:20.422463,2.06,2025-04-06,2025-04-08 01:35:29.318301,2.07,1
219,Bangkok,Frankfurt,air,0.338,0.058,2025-07-11,2025-07-11 10:25:47.990274,0.43,2025-07-11 12:00:00,2025-07-12 05:39:46.429896,0.74,2025-07-11 20:24:00,2025-07-12 05:39:15.168758,0.39,2025-07-12,2025-07-13 00:38:02.063648,1.03,1
220,Mumbai,London,air,0.336,0.262,2025-06-25,2025-06-25 09:30:31.145126,0.4,2025-06-25 12:00:00,2025-06-28 06:30:33.696773,2.77,2025-06-25 20:24:00,2025-06-27 12:37:22.032393,1.68,2025-06-26,2025-06-28 07:43:40.959261,2.32,1
221,Bangkok,Frankfurt,air,0.125,0.045,2025-08-15,2025-08-15 19:17:46.830088,0.8,2025-08-15 12:00:00,2025-08-15 21:37:14.966756,0.4,2025-08-15 20:24:00,2025-08-16 12:17:51.735188,0.66,2025-08-16,2025-08-16 19:18:18.267625,0.8,0
222,Bangkok,Frankfurt,air,0.453,0.067,2025-06-09,2025-06-09 03:55:56.342952,0.16,2025-06-09 12:00:00,2025-06-09 23:01:56.511892,0.46,2025-06-09 20:24:00,2025-06-10 20:07:51.451446,0.99,2025-06-10,2025-06-11 04:00:19.248141,1.17,1
223,Hong Kong,Sydney,sea,0.202,0.227,2025-09-13,2025-09-13 01:05:32.852729,0.05,2025-09-17 00:00:00,2025-09-17 20:58:53.953824,0.87,2025-09-19 19:12:00,2025-09-21 00:13:23.685190,1.21,2025-09-21,2025-09-22 02:09:26.150774,1.09,1
224,Ho Chi Minh City,Tokyo,sea,0.088,0.174,2025-04-24,2025-04-24 00:39:35.982239,0.03,2025-04-27 00:00:00,2025-04-27 10:38:12.463683,0.44,2025-04-29 02:24:00,2025-04-29 11:16:35.488940,0.37,2025-04-30,2025-04-30 13:50:47.887113,0.58,0
225,Bangkok,Frankfurt,air,0.096,0.34,2025-09-29,2025-09-29 11:27:43.387266,0.48,2025-09-29 12:00:00,2025-09-30 10:18:18.881685,0.93,2025-09-29 20:24:00,2025-09-30 16:18:26.155968,0.83,2025-09-30,2025-09-30 10:14:43.723075,0.43,0
226,Shanghai,Rotterdam,sea,0.484,0.228,2025-07-20,2025-07-20 07:34:50.849727,0.32,2025-08-04 00:00:00,2025-08-05 22:15:06.408563,1.93,2025-08-14 12:00:00,2025-08-15 10:29:50.702109,0.94,2025-08-19,2025-08-19 22:14:29.690057,0.93,0
227,Ho Chi Minh City,Los Angeles,sea,0.59,0.172,2025-07-09,2025-07-09 14:16:26.125377,0.59,2025-07-18 00:00:00,2025-07-19 23:27:52.685157,1.98,2025-07-24 07:12:00,,,2025-07-27,2025-07-28 03:40:48.864088,1.15,1
228,Mumbai,London,air,0.36,0.322,2025-07-11,2025-07-11 06:46:07.928236,0.28,2025-07-11 12:00:00,2025-07-11 21:36:59.064019,0.4,2025-07-11 20:24:00,2025-07-12 07:18:03.683777,0.45,2025-07-12,2025-07-12 01:27:07.563397,0.06,0
229,Shanghai,Rotterdam,sea,0.178,0.197,2025-09-01,2025-09-01 16:07:18.833551,0.67,2025-09-16 00:00:00,2025-09-16 18:19:36.153786,0.76,2025-09-26 12:00:00,2025-09-27 00:52:02.690371,0.54,2025-10-01,2025-10-01 14:51:54.219969,0.62,0
230,Ho Chi Minh City,Tokyo,sea,0.186,0.106,2025-10-11,2025-10-11 03:37:48.994677,0.15,2025-10-14 00:00:00,2025-10-14 16:11:55.176704,0.67,2025-10-16 02:24:00,,,2025-10-17,2025-10-18 09:13:56.412890,1.38,1
231,Ho Chi Minh City,Los Angeles,sea,0.339,0.336,2025-07-30,2025-07-31 04:09:57.389058,1.17,2025-08-08 00:00:00,2025-08-09 23:08:56.353465,1.96,2025-08-14 07:12:00,,,2025-08-17,2025-08-19 05:56:42.546359,2.25,1
232,Singapore,Dubai,sea,0.498,0.157,2025-03-30,2025-03-30 15:41:57.129037,0.65,2025-04-04 00:00:00,2025-04-06 17:25:57.551196,2.73,2025-04-07 12:00:00,2025-04-09 00:56:44.102845,1.54,2025-04-09,2025-04-11 05:13:58.430187,2.22,1
233,Shanghai,Los Angeles,sea,0.272,0.172,2025-03-11,2025-03-12 03:55:26.889553,1.16,2025-03-18 00:00:00,2025-03-19 04:08:37.516467,1.17,2025-03-22 21:36:00,2025-03-23 23:35:39.455014,1.08,2025-03-25,2025-03-26 23:32:06.266431,1.98,1
234,Shanghai,Rotterdam,sea,0.516,0.417,2025-02-06,2025-02-06 01:30:59.076410,0.06,2025-02-21 00:00:00,2025-02-24 03:38:06.468712,3.15,2025-03-03 12:00:00,2025-03-05 01:34:46.311761,1.57,2025-03-08,2025-03-10 05:55:49.262310,2.25,1
235,Singapore,Dubai,sea,0.244,0.214,2025-04-04,2025-04-04 03:36:28.528392,0.15,2025-04-09 00:00:00,2025-04-11 08:13:06.865358,2.34,2025-04-12 12:00:00,2025-04-13 18:28:17.144888,1.27,2025-04-14,2025-04-15 16:57:29.056253,1.71,1
236,Mumbai,London,air,0.246,0.154,2025-03-31,2025-03-31 02:02:08.673322,0.08,2025-03-31 12:00:00,2025-04-01 14:37:48.727362,1.11,2025-03-31 20:24:00,2025-04-01 13:09:34.944828,0.7,2025-04-01,2025-04-02 01:18:51.016147,1.05,1
237,Singapore,Dubai,sea,0.305,0.314,2025-01-06,2025-01-06 13:38:35.581507,0.57,2025-01-11 00:00:00,2025-01-11 21:32:26.259631,0.9,2025-01-14 12:00:00,2025-01-15 05:37:16.688389,0.73,2025-01-16,2025-01-17 03:54:16.593499,1.16,1
238,Hong Kong,Sydney,sea,0.271,0.245,2025-01-19,2025-01-19 17:49:26.200474,0.74,2025-01-23 00:00:00,2025-01-23 20:31:07.902279,0.85,2025-01-25 19:12:00,2025-01-26 17:41:39.982320,0.94,2025-01-27,2025-01-27 23:17:36.132620,0.97,0
239,Ho Chi Minh City,Tokyo,sea,0.64,0.544,2025-08-27,2025-08-27 04:04:34.386640,0.17,2025-08-30 00:00:00,2025-08-31 21:30:48.672202,1.9,2025-09-01 02:24:00,2025-09-02 03:25:09.213560,1.04,2025-09-02,2025-09-02 21:39:48.753308,0.9,0
240,Ho Chi Minh City,Tokyo,sea,0.119,0.386,2025-02-14,2025-02-14 21:43:52.308062,0.91,2025-02-17 00:00:00,2025-02-17 13:33:16.646023,0.56,2025-02-19 02:24:00,2025-02-19 18:27:01.682711,0.67,2025-02-20,2025-02-20 10:00:29.680260,0.42,0
241,Busan,Long Beach,sea,0.21,0.032,2025-01-06,2025-01-06 03:28:15.267895,0.14,2025-01-12 00:00:00,2025-01-13 10:40:47.759166,1.44,2025-01-16 04:48:00,2025-01-17 01:24:11.087487,0.86,2025-01-18,2025-01-19 01:58:21.260058,1.08,1
242,Hamburg,New York,sea,0.225,0.238,2025-10-24,2025-10-24 02:50:31.694082,0.12,2025-10-28 12:00:00,2025-10-30 00:22:00.910964,1.52,2025-10-31 15:36:00,2025-11-02 01:29:16.735253,1.41,2025-11-02,2025-11-03 09:43:41.558540,1.41,1
243,Mumbai,London,air,0.136,0.527,2025-09-13,2025-09-14 05:51:30.961456,1.24,2025-09-13 12:00:00,2025-09-14 17:22:41.180589,1.22,2025-09-13 20:24:00,2025-09-14 15:48:59.530140,0.81,2025-09-14,2025-09-15 08:23:57.219269,1.35,1
244,Ho Chi Minh City,Los Angeles,sea,0.281,0.236,2025-03-26,2025-03-26 21:37:04.363281,0.9,2025-04-04 00:00:00,2025-04-06 17:47:36.115277,2.74,2025-04-10 07:12:00,2025-04-11 13:44:56.760385,1.27,2025-04-13,2025-04-15 01:24:22.522456,2.06,1
245,Busan,Long Beach,sea,0.243,0.095,2025-10-25,2025-10-25 10:39:03.767065,0.44,2025-10-31 00:00:00,2025-10-31 22:24:37.396374,0.93,2025-11-04 04:48:00,2025-11-06 01:52:15.111627,1.88,2025-11-06,2025-11-08 10:08:34.855102,2.42,1
246,Bangkok,Frankfurt,air,0.173,0.427,2025-10-19,2025-10-19 20:23:57.360142,0.85,2025-10-19 12:00:00,2025-10-21 05:12:53.470707,1.72,2025-10-19 20:24:00,2025-10-20 18:58:32.925447,0.94,2025-10-20,2025-10-20 18:33:48.205954,0.77,0
247,Mumbai,London,air,0.56,0.277,2025-03-05,2025-03-05 04:13:06.264733,0.18,2025-03-05 12:00:00,2025-03-07 04:21:05.376926,1.68,2025-03-05 20:24:00,2025-03-06 23:28:40.529998,1.13,2025-03-06,2025-03-07 12:21:28.099446,1.51,1
248,Ho Chi Minh City,Tokyo,sea,0.142,0.031,2025-08-09,2025-08-09 05:04:26.758012,0.21,2025-08-12 00:00:00,2025-08-12 14:07:16.845723,0.59,2025-08-14 02:24:00,2025-08-14 12:00:48.972876,0.4,2025-08-15,2025-08-15 19:09:17.291798,0.8,0
249,Ho Chi Minh City,Tokyo,sea,0.355,0.276,2025-10-17,2025-10-17 00:21:56.787824,0.02,2025-10-20 00:00:00,2025-10-21 02:19:37.964251,1.1,2025-10-22 02:24:00,2025-10-22 22:59:30.381060,0.86,2025-10-23,2025-10-23 17:40:25.519073,0.74,0
250,Busan,Long Beach,sea,0.255,0.363,2025-05-10,2025-05-10 11:34:20.259540,0.48,2025-05-16 00:00:00,2025-05-17 06:23:43.286809,1.27,2025-05-20 04:48:00,2025-05-21 03:58:46.553056,0.97,2025-05-22,2025-05-23 05:32:38.843772,1.23,1
